series,forecaster,rmse
S1: AR(1) stable,PT-univ,0.9832946666201297
S1: AR(1) stable,PT-univ,0.9849164759689616
S1: AR(1) stable,PT-univ,1.0069349725039818
S1: AR(1) stable,PT-univ,0.8878657541376926
S1: AR(1) stable,PT-univ,1.0210765085928277
S1: AR(1) stable,PT-univ,0.9129611016060454
S1: AR(1) stable,PT-univ,1.0490471505700745
S1: AR(1) stable,PT-univ,1.0029583662653825
S1: AR(1) stable,PT-univ,1.0117276536456141
S1: AR(1) stable,PT-univ,0.9591909507628712
S1: AR(1) stable,PT-univ,1.0698858901899926
S1: AR(1) stable,PT-univ,0.8890211198164271
S1: AR(1) stable,PT-univ,0.9808141098700477
S1: AR(1) stable,PT-univ,1.0308344511524399
S1: AR(1) stable,PT-univ,1.0332808787279473
S1: AR(1) stable,PT-univ,0.8860423488623262
S1: AR(1) stable,PT-univ,0.9683234324974143
S1: AR(1) stable,PT-univ,1.0126435905959528
S1: AR(1) stable,PT-univ,0.9241925153121913
S1: AR(1) stable,PT-univ,1.038062656751929
S1: AR(1) stable,PT-univ-quad,0.9836399518575146
S1: AR(1) stable,PT-univ-quad,0.98246766893764
S1: AR(1) stable,PT-univ-quad,1.0144736757446458
S1: AR(1) stable,PT-univ-quad,0.9001298503523493
S1: AR(1) stable,PT-univ-quad,1.0422861669559065
S1: AR(1) stable,PT-univ-quad,0.9041758332126953
S1: AR(1) stable,PT-univ-quad,1.04518825155905
S1: AR(1) stable,PT-univ-quad,1.006750044383836
S1: AR(1) stable,PT-univ-quad,1.0124462925644868
S1: AR(1) stable,PT-univ-quad,0.9639288107357137
S1: AR(1) stable,PT-univ-quad,1.0793762921036913
S1: AR(1) stable,PT-univ-quad,0.8929139034809662
S1: AR(1) stable,PT-univ-quad,0.9764529881154206
S1: AR(1) stable,PT-univ-quad,1.019099206506451
S1: AR(1) stable,PT-univ-quad,1.0416399174473614
S1: AR(1) stable,PT-univ-quad,0.8919009194668638
S1: AR(1) stable,PT-univ-quad,0.9789204754898475
S1: AR(1) stable,PT-univ-quad,1.015536101126844
S1: AR(1) stable,PT-univ-quad,0.9441414580028799
S1: AR(1) stable,PT-univ-quad,1.0484450793979279
S1: AR(1) stable,OLS-AR(1),0.98206553495109
S1: AR(1) stable,OLS-AR(1),0.9812735113423003
S1: AR(1) stable,OLS-AR(1),1.0057100632210978
S1: AR(1) stable,OLS-AR(1),0.8875320233582009
S1: AR(1) stable,OLS-AR(1),1.0200131782780801
S1: AR(1) stable,OLS-AR(1),0.9182015837391975
S1: AR(1) stable,OLS-AR(1),1.0538190799500187
S1: AR(1) stable,OLS-AR(1),0.9838135996608457
S1: AR(1) stable,OLS-AR(1),1.0143162142486672
S1: AR(1) stable,OLS-AR(1),0.9542888947814387
S1: AR(1) stable,OLS-AR(1),1.0686027161476297
S1: AR(1) stable,OLS-AR(1),0.8867934532916867
S1: AR(1) stable,OLS-AR(1),0.9839446924821114
S1: AR(1) stable,OLS-AR(1),1.0203155706017613
S1: AR(1) stable,OLS-AR(1),1.034942988506148
S1: AR(1) stable,OLS-AR(1),0.8869217053958524
S1: AR(1) stable,OLS-AR(1),0.9690750657734122
S1: AR(1) stable,OLS-AR(1),1.0114186927782216
S1: AR(1) stable,OLS-AR(1),0.915499867438732
S1: AR(1) stable,OLS-AR(1),1.0375438040251361
S1: AR(1) stable,OLS-AR(2),0.9832946666201295
S1: AR(1) stable,OLS-AR(2),0.9849164759689616
S1: AR(1) stable,OLS-AR(2),1.0069349725039818
S1: AR(1) stable,OLS-AR(2),0.8878657541376926
S1: AR(1) stable,OLS-AR(2),1.0210765085928277
S1: AR(1) stable,OLS-AR(2),0.9129611016060454
S1: AR(1) stable,OLS-AR(2),1.0490471505700745
S1: AR(1) stable,OLS-AR(2),1.0029583662653825
S1: AR(1) stable,OLS-AR(2),1.0117276536456141
S1: AR(1) stable,OLS-AR(2),0.9591909507628712
S1: AR(1) stable,OLS-AR(2),1.0698858901899928
S1: AR(1) stable,OLS-AR(2),0.8890211198164271
S1: AR(1) stable,OLS-AR(2),0.9808141098700477
S1: AR(1) stable,OLS-AR(2),1.0308344511524399
S1: AR(1) stable,OLS-AR(2),1.0332808787279473
S1: AR(1) stable,OLS-AR(2),0.8860423488623264
S1: AR(1) stable,OLS-AR(2),0.9683234324974144
S1: AR(1) stable,OLS-AR(2),1.012643590595953
S1: AR(1) stable,OLS-AR(2),0.9241925153121913
S1: AR(1) stable,OLS-AR(2),1.038062656751929
S1: AR(1) stable,YW-AR(2),0.9828861358840298
S1: AR(1) stable,YW-AR(2),0.9852934606922722
S1: AR(1) stable,YW-AR(2),1.0072108409640883
S1: AR(1) stable,YW-AR(2),0.8880725541990302
S1: AR(1) stable,YW-AR(2),1.0203769400151612
S1: AR(1) stable,YW-AR(2),0.9131588870793184
S1: AR(1) stable,YW-AR(2),1.048502307953532
S1: AR(1) stable,YW-AR(2),1.0048367699999985
S1: AR(1) stable,YW-AR(2),1.0111423136585587
S1: AR(1) stable,YW-AR(2),0.9592444381948316
S1: AR(1) stable,YW-AR(2),1.06990266970386
S1: AR(1) stable,YW-AR(2),0.8882700210311196
S1: AR(1) stable,YW-AR(2),0.9811493372069896
S1: AR(1) stable,YW-AR(2),1.030520902799837
S1: AR(1) stable,YW-AR(2),1.0326148461192277
S1: AR(1) stable,YW-AR(2),0.8861906789861993
S1: AR(1) stable,YW-AR(2),0.9681483630438638
S1: AR(1) stable,YW-AR(2),1.0116380544274348
S1: AR(1) stable,YW-AR(2),0.9238923414865571
S1: AR(1) stable,YW-AR(2),1.038103618917561
S1: AR(1) stable,Naive,1.1521807942149183
S1: AR(1) stable,Naive,1.1091177350515689
S1: AR(1) stable,Naive,1.171718249339908
S1: AR(1) stable,Naive,1.012094578568002
S1: AR(1) stable,Naive,1.2191419478726953
S1: AR(1) stable,Naive,1.0119136117252632
S1: AR(1) stable,Naive,1.2496719105740763
S1: AR(1) stable,Naive,1.1220420828260727
S1: AR(1) stable,Naive,1.140270183414321
S1: AR(1) stable,Naive,1.1423374718530357
S1: AR(1) stable,Naive,1.2448930745631297
S1: AR(1) stable,Naive,1.0615988411178814
S1: AR(1) stable,Naive,1.1360712197327003
S1: AR(1) stable,Naive,1.195187396522609
S1: AR(1) stable,Naive,1.2135893136492832
S1: AR(1) stable,Naive,1.0279156033674106
S1: AR(1) stable,Naive,1.13997124702906
S1: AR(1) stable,Naive,1.185629184714974
S1: AR(1) stable,Naive,1.1157430297382718
S1: AR(1) stable,Naive,1.1932774738014598
S2: AR(1) near unit,PT-univ,0.9791810650149502
S2: AR(1) near unit,PT-univ,1.0094433783223113
S2: AR(1) near unit,PT-univ,1.0811368014455165
S2: AR(1) near unit,PT-univ,1.0749816186913184
S2: AR(1) near unit,PT-univ,0.9515190084375003
S2: AR(1) near unit,PT-univ,0.8384640566735434
S2: AR(1) near unit,PT-univ,0.9847859945531503
S2: AR(1) near unit,PT-univ,1.0692502165010354
S2: AR(1) near unit,PT-univ,0.9310406654355058
S2: AR(1) near unit,PT-univ,0.9942206755457301
S2: AR(1) near unit,PT-univ,0.9424680125397873
S2: AR(1) near unit,PT-univ,1.0208967029620997
S2: AR(1) near unit,PT-univ,0.9345537152615371
S2: AR(1) near unit,PT-univ,1.0848497214860902
S2: AR(1) near unit,PT-univ,0.8453030713336961
S2: AR(1) near unit,PT-univ,1.053237899268882
S2: AR(1) near unit,PT-univ,0.904169274336386
S2: AR(1) near unit,PT-univ,0.9246128873488177
S2: AR(1) near unit,PT-univ,0.961697938857316
S2: AR(1) near unit,PT-univ,1.1201758462178284
S2: AR(1) near unit,PT-univ-quad,0.9761263917016632
S2: AR(1) near unit,PT-univ-quad,1.0175088326633097
S2: AR(1) near unit,PT-univ-quad,1.0934375691988134
S2: AR(1) near unit,PT-univ-quad,1.0888162804118762
S2: AR(1) near unit,PT-univ-quad,0.9517754887285769
S2: AR(1) near unit,PT-univ-quad,0.8431740027754804
S2: AR(1) near unit,PT-univ-quad,0.9847531081389257
S2: AR(1) near unit,PT-univ-quad,1.0769151022205472
S2: AR(1) near unit,PT-univ-quad,0.9470882361577967
S2: AR(1) near unit,PT-univ-quad,1.0150738360247735
S2: AR(1) near unit,PT-univ-quad,0.9268662702422785
S2: AR(1) near unit,PT-univ-quad,1.0377471922969776
S2: AR(1) near unit,PT-univ-quad,0.9447125697153478
S2: AR(1) near unit,PT-univ-quad,1.0828620367690835
S2: AR(1) near unit,PT-univ-quad,0.877703851285138
S2: AR(1) near unit,PT-univ-quad,1.0747645360258438
S2: AR(1) near unit,PT-univ-quad,0.906962594866596
S2: AR(1) near unit,PT-univ-quad,0.9212505531120583
S2: AR(1) near unit,PT-univ-quad,0.9589713746584961
S2: AR(1) near unit,PT-univ-quad,1.1144839645321498
S2: AR(1) near unit,OLS-AR(1),0.9769316835339901
S2: AR(1) near unit,OLS-AR(1),1.0078290851375582
S2: AR(1) near unit,OLS-AR(1),1.080234124180998
S2: AR(1) near unit,OLS-AR(1),1.0734103110488378
S2: AR(1) near unit,OLS-AR(1),0.9555490119345478
S2: AR(1) near unit,OLS-AR(1),0.8368360721639696
S2: AR(1) near unit,OLS-AR(1),0.9821371753958597
S2: AR(1) near unit,OLS-AR(1),1.0691888429359824
S2: AR(1) near unit,OLS-AR(1),0.9276432513732117
S2: AR(1) near unit,OLS-AR(1),0.9914094833244468
S2: AR(1) near unit,OLS-AR(1),0.9415452020838786
S2: AR(1) near unit,OLS-AR(1),1.0252495476870824
S2: AR(1) near unit,OLS-AR(1),0.9369797573838037
S2: AR(1) near unit,OLS-AR(1),1.0838463521277548
S2: AR(1) near unit,OLS-AR(1),0.8444684594332972
S2: AR(1) near unit,OLS-AR(1),1.0504116678684934
S2: AR(1) near unit,OLS-AR(1),0.9015413483982091
S2: AR(1) near unit,OLS-AR(1),0.9266749265993556
S2: AR(1) near unit,OLS-AR(1),0.962157108382087
S2: AR(1) near unit,OLS-AR(1),1.118486002590109
S2: AR(1) near unit,OLS-AR(2),0.9791810650149503
S2: AR(1) near unit,OLS-AR(2),1.0094433783223111
S2: AR(1) near unit,OLS-AR(2),1.0811368014455167
S2: AR(1) near unit,OLS-AR(2),1.0749816186913184
S2: AR(1) near unit,OLS-AR(2),0.9515190084375001
S2: AR(1) near unit,OLS-AR(2),0.8384640566735434
S2: AR(1) near unit,OLS-AR(2),0.9847859945531504
S2: AR(1) near unit,OLS-AR(2),1.0692502165010351
S2: AR(1) near unit,OLS-AR(2),0.9310406654355058
S2: AR(1) near unit,OLS-AR(2),0.9942206755457301
S2: AR(1) near unit,OLS-AR(2),0.9424680125397875
S2: AR(1) near unit,OLS-AR(2),1.0208967029620997
S2: AR(1) near unit,OLS-AR(2),0.9345537152615372
S2: AR(1) near unit,OLS-AR(2),1.0848497214860902
S2: AR(1) near unit,OLS-AR(2),0.8453030713336961
S2: AR(1) near unit,OLS-AR(2),1.053237899268882
S2: AR(1) near unit,OLS-AR(2),0.9041692743363859
S2: AR(1) near unit,OLS-AR(2),0.9246128873488179
S2: AR(1) near unit,OLS-AR(2),0.9616979388573159
S2: AR(1) near unit,OLS-AR(2),1.1201758462178284
S2: AR(1) near unit,YW-AR(2),0.9785532600689025
S2: AR(1) near unit,YW-AR(2),1.0080292478555504
S2: AR(1) near unit,YW-AR(2),1.083384835980518
S2: AR(1) near unit,YW-AR(2),1.072577710625037
S2: AR(1) near unit,YW-AR(2),0.9503694766923109
S2: AR(1) near unit,YW-AR(2),0.8500680336205476
S2: AR(1) near unit,YW-AR(2),0.9846658711690114
S2: AR(1) near unit,YW-AR(2),1.0699555166607195
S2: AR(1) near unit,YW-AR(2),0.9333589181228032
S2: AR(1) near unit,YW-AR(2),0.9975992246871549
S2: AR(1) near unit,YW-AR(2),0.9409658123120512
S2: AR(1) near unit,YW-AR(2),1.023692803959006
S2: AR(1) near unit,YW-AR(2),0.9309627942870523
S2: AR(1) near unit,YW-AR(2),1.083157321432843
S2: AR(1) near unit,YW-AR(2),0.8448287672063568
S2: AR(1) near unit,YW-AR(2),1.056817633300881
S2: AR(1) near unit,YW-AR(2),0.9031362659655542
S2: AR(1) near unit,YW-AR(2),0.9238786094379594
S2: AR(1) near unit,YW-AR(2),0.9690096213131955
S2: AR(1) near unit,YW-AR(2),1.1215170504218062
S2: AR(1) near unit,Naive,0.9956469694955583
S2: AR(1) near unit,Naive,1.018809522841872
S2: AR(1) near unit,Naive,1.0939608961637732
S2: AR(1) near unit,Naive,1.0816739184419923
S2: AR(1) near unit,Naive,0.9713996667182381
S2: AR(1) near unit,Naive,0.842522619548375
S2: AR(1) near unit,Naive,0.9968510883470476
S2: AR(1) near unit,Naive,1.078992481722254
S2: AR(1) near unit,Naive,0.9444153261388628
S2: AR(1) near unit,Naive,0.988696460187736
S2: AR(1) near unit,Naive,0.9565147295628352
S2: AR(1) near unit,Naive,1.0311428036841745
S2: AR(1) near unit,Naive,0.9462515443888183
S2: AR(1) near unit,Naive,1.0917188903668058
S2: AR(1) near unit,Naive,0.8530764229472481
S2: AR(1) near unit,Naive,1.058966063502261
S2: AR(1) near unit,Naive,0.9161453037867563
S2: AR(1) near unit,Naive,0.9384710081209363
S2: AR(1) near unit,Naive,0.9571952632051322
S2: AR(1) near unit,Naive,1.1239286615222157
S3: Random walk,PT-univ,0.984494498114119
S3: Random walk,PT-univ,0.9514260683084776
S3: Random walk,PT-univ,1.0356239742428797
S3: Random walk,PT-univ,0.9496926582555768
S3: Random walk,PT-univ,1.0079220867033436
S3: Random walk,PT-univ,1.0330346019675276
S3: Random walk,PT-univ,1.0983597235417255
S3: Random walk,PT-univ,0.9730768493342896
S3: Random walk,PT-univ,1.0073766412084666
S3: Random walk,PT-univ,1.0028963475289996
S3: Random walk,PT-univ,0.8669771157596196
S3: Random walk,PT-univ,0.9999025627940964
S3: Random walk,PT-univ,1.018454052911358
S3: Random walk,PT-univ,1.0814261723264647
S3: Random walk,PT-univ,1.0488317898219157
S3: Random walk,PT-univ,1.0720795658722595
S3: Random walk,PT-univ,1.0294404434205267
S3: Random walk,PT-univ,1.058355942664243
S3: Random walk,PT-univ,0.9989294138426809
S3: Random walk,PT-univ,0.9825204507587332
S3: Random walk,PT-univ-quad,0.9875930909878156
S3: Random walk,PT-univ-quad,0.9379026752483428
S3: Random walk,PT-univ-quad,1.0312822037782632
S3: Random walk,PT-univ-quad,0.9721094364496623
S3: Random walk,PT-univ-quad,1.049514193188833
S3: Random walk,PT-univ-quad,1.0267064490715605
S3: Random walk,PT-univ-quad,1.0886452198428103
S3: Random walk,PT-univ-quad,0.9808448546176061
S3: Random walk,PT-univ-quad,1.0099086569481437
S3: Random walk,PT-univ-quad,1.0242913157221594
S3: Random walk,PT-univ-quad,0.8612163399403354
S3: Random walk,PT-univ-quad,0.9913769491814449
S3: Random walk,PT-univ-quad,1.0204743561134102
S3: Random walk,PT-univ-quad,1.093478612023773
S3: Random walk,PT-univ-quad,1.0460528896787786
S3: Random walk,PT-univ-quad,1.0829919358361888
S3: Random walk,PT-univ-quad,1.0583274688293969
S3: Random walk,PT-univ-quad,1.0696886949753228
S3: Random walk,PT-univ-quad,0.9992473649839089
S3: Random walk,PT-univ-quad,0.9890958571581944
S3: Random walk,OLS-AR(1),0.9857707171886613
S3: Random walk,OLS-AR(1),0.949951817865291
S3: Random walk,OLS-AR(1),1.034856200602372
S3: Random walk,OLS-AR(1),0.9537172814184149
S3: Random walk,OLS-AR(1),1.0088197909572916
S3: Random walk,OLS-AR(1),1.0325106730104812
S3: Random walk,OLS-AR(1),1.0993968532106393
S3: Random walk,OLS-AR(1),0.9711228776485125
S3: Random walk,OLS-AR(1),1.0074182258154982
S3: Random walk,OLS-AR(1),1.0025882485494142
S3: Random walk,OLS-AR(1),0.8745712427310085
S3: Random walk,OLS-AR(1),0.994244667361341
S3: Random walk,OLS-AR(1),1.0133915430720477
S3: Random walk,OLS-AR(1),1.0796624224466076
S3: Random walk,OLS-AR(1),1.047451858040842
S3: Random walk,OLS-AR(1),1.0687420848419138
S3: Random walk,OLS-AR(1),1.0281075216155402
S3: Random walk,OLS-AR(1),1.0572279299962932
S3: Random walk,OLS-AR(1),0.9981116042899785
S3: Random walk,OLS-AR(1),0.980444528275868
S3: Random walk,OLS-AR(2),0.9844944981141187
S3: Random walk,OLS-AR(2),0.9514260683084772
S3: Random walk,OLS-AR(2),1.0356239742428794
S3: Random walk,OLS-AR(2),0.9496926582555766
S3: Random walk,OLS-AR(2),1.0079220867033458
S3: Random walk,OLS-AR(2),1.0330346019675274
S3: Random walk,OLS-AR(2),1.098359723541726
S3: Random walk,OLS-AR(2),0.9730768493342885
S3: Random walk,OLS-AR(2),1.0073766412084664
S3: Random walk,OLS-AR(2),1.0028963475290003
S3: Random walk,OLS-AR(2),0.8669771157596208
S3: Random walk,OLS-AR(2),0.9999025627940962
S3: Random walk,OLS-AR(2),1.0184540529113562
S3: Random walk,OLS-AR(2),1.0814261723264649
S3: Random walk,OLS-AR(2),1.048831789821917
S3: Random walk,OLS-AR(2),1.0720795658722588
S3: Random walk,OLS-AR(2),1.0294404434205269
S3: Random walk,OLS-AR(2),1.0583559426642442
S3: Random walk,OLS-AR(2),0.9989294138426816
S3: Random walk,OLS-AR(2),0.9825204507587318
S3: Random walk,YW-AR(2),0.9874168911628203
S3: Random walk,YW-AR(2),0.9981734823918147
S3: Random walk,YW-AR(2),1.0182372877044938
S3: Random walk,YW-AR(2),0.9890013052588573
S3: Random walk,YW-AR(2),1.2056338540690275
S3: Random walk,YW-AR(2),1.030723498052386
S3: Random walk,YW-AR(2),1.1005259211255833
S3: Random walk,YW-AR(2),0.9862080453640459
S3: Random walk,YW-AR(2),1.0082913077298103
S3: Random walk,YW-AR(2),1.1404950374405234
S3: Random walk,YW-AR(2),0.908827311772303
S3: Random walk,YW-AR(2),1.0100515221697037
S3: Random walk,YW-AR(2),1.028605664229471
S3: Random walk,YW-AR(2),1.170466331866072
S3: Random walk,YW-AR(2),1.0932059603235738
S3: Random walk,YW-AR(2),1.0612100022834798
S3: Random walk,YW-AR(2),1.0607191024371971
S3: Random walk,YW-AR(2),1.1017573698257461
S3: Random walk,YW-AR(2),1.0113725799988418
S3: Random walk,YW-AR(2),1.158820372255482
S3: Random walk,Naive,0.9865104797303144
S3: Random walk,Naive,0.9488114939837459
S3: Random walk,Naive,1.0279251716024
S3: Random walk,Naive,0.9522901774358988
S3: Random walk,Naive,1.015282105340717
S3: Random walk,Naive,1.035734826954712
S3: Random walk,Naive,1.0966680765274914
S3: Random walk,Naive,0.9635423179125444
S3: Random walk,Naive,1.0069719126623038
S3: Random walk,Naive,0.9969009624751183
S3: Random walk,Naive,0.8710644243274838
S3: Random walk,Naive,0.9904477343674399
S3: Random walk,Naive,1.0060691233609158
S3: Random walk,Naive,1.0813099503006387
S3: Random walk,Naive,1.045743258691278
S3: Random walk,Naive,1.0693895941897609
S3: Random walk,Naive,0.9953981904826328
S3: Random walk,Naive,1.0552714424903495
S3: Random walk,Naive,0.9948405585542021
S3: Random walk,Naive,0.9797730753077184
S4: AR(1) explosive,PT-univ,1.094254174768516
S4: AR(1) explosive,PT-univ,1.0809807946364098
S4: AR(1) explosive,PT-univ,0.9484448815743043
S4: AR(1) explosive,PT-univ,1.0136816393312318
S4: AR(1) explosive,PT-univ,1.1517988144841167
S4: AR(1) explosive,PT-univ,1.167762682877121
S4: AR(1) explosive,PT-univ,1.0690306601074873
S4: AR(1) explosive,PT-univ,0.9233271271549548
S4: AR(1) explosive,PT-univ,1.0301250859267603
S4: AR(1) explosive,PT-univ,1.0623466671468251
S4: AR(1) explosive,PT-univ,0.9850854093256283
S4: AR(1) explosive,PT-univ,1.1169087305322771
S4: AR(1) explosive,PT-univ,1.0727765826591529
S4: AR(1) explosive,PT-univ,1.113736162649994
S4: AR(1) explosive,PT-univ,0.9805078398574495
S4: AR(1) explosive,PT-univ,1.0358079713706343
S4: AR(1) explosive,PT-univ,1.1085662016480642
S4: AR(1) explosive,PT-univ,0.9698392810424676
S4: AR(1) explosive,PT-univ,1.1029800422188607
S4: AR(1) explosive,PT-univ,1.0198438216999945
S4: AR(1) explosive,PT-univ-quad,2308983050460.9536
S4: AR(1) explosive,PT-univ-quad,2963156959481.599
S4: AR(1) explosive,PT-univ-quad,772505824396.712
S4: AR(1) explosive,PT-univ-quad,1783946634242.2776
S4: AR(1) explosive,PT-univ-quad,874506017586.3584
S4: AR(1) explosive,PT-univ-quad,1614385799435.727
S4: AR(1) explosive,PT-univ-quad,936651520510.389
S4: AR(1) explosive,PT-univ-quad,136819293.82789865
S4: AR(1) explosive,PT-univ-quad,128586789670.82574
S4: AR(1) explosive,PT-univ-quad,663166060539.7377
S4: AR(1) explosive,PT-univ-quad,690721432372.46
S4: AR(1) explosive,PT-univ-quad,109063579.34582709
S4: AR(1) explosive,PT-univ-quad,2015090555284.3254
S4: AR(1) explosive,PT-univ-quad,1272762915506.4001
S4: AR(1) explosive,PT-univ-quad,1521728469495.53
S4: AR(1) explosive,PT-univ-quad,1076594714563.4392
S4: AR(1) explosive,PT-univ-quad,2310557763516.6724
S4: AR(1) explosive,PT-univ-quad,2292552500681.656
S4: AR(1) explosive,PT-univ-quad,996048318755.6863
S4: AR(1) explosive,PT-univ-quad,2248502478932.5806
S4: AR(1) explosive,OLS-AR(1),1.0919642687179423
S4: AR(1) explosive,OLS-AR(1),1.0802042073130658
S4: AR(1) explosive,OLS-AR(1),0.948170171546795
S4: AR(1) explosive,OLS-AR(1),1.0103799554327104
S4: AR(1) explosive,OLS-AR(1),1.1521305737204246
S4: AR(1) explosive,OLS-AR(1),1.166629141234921
S4: AR(1) explosive,OLS-AR(1),1.0675500028057163
S4: AR(1) explosive,OLS-AR(1),0.9128091802705822
S4: AR(1) explosive,OLS-AR(1),1.02910328125346
S4: AR(1) explosive,OLS-AR(1),1.0624883136275907
S4: AR(1) explosive,OLS-AR(1),0.9896092041846593
S4: AR(1) explosive,OLS-AR(1),1.1052757580574966
S4: AR(1) explosive,OLS-AR(1),1.070832470233066
S4: AR(1) explosive,OLS-AR(1),1.1135418558954255
S4: AR(1) explosive,OLS-AR(1),0.9808944123332801
S4: AR(1) explosive,OLS-AR(1),1.0433735647078293
S4: AR(1) explosive,OLS-AR(1),1.1055114556461862
S4: AR(1) explosive,OLS-AR(1),0.9718412858751241
S4: AR(1) explosive,OLS-AR(1),1.10386051376312
S4: AR(1) explosive,OLS-AR(1),1.0183983514034503
S4: AR(1) explosive,OLS-AR(2),1.094168542050961
S4: AR(1) explosive,OLS-AR(2),1.081008517298251
S4: AR(1) explosive,OLS-AR(2),0.9484405557717308
S4: AR(1) explosive,OLS-AR(2),1.013612769689352
S4: AR(1) explosive,OLS-AR(2),1.151769837009149
S4: AR(1) explosive,OLS-AR(2),1.1676807061736685
S4: AR(1) explosive,OLS-AR(2),1.0690679017638163
S4: AR(1) explosive,OLS-AR(2),0.9233401790484009
S4: AR(1) explosive,OLS-AR(2),1.0300840594182914
S4: AR(1) explosive,OLS-AR(2),1.0624295099176835
S4: AR(1) explosive,OLS-AR(2),0.9851193802105326
S4: AR(1) explosive,OLS-AR(2),1.1168521069338635
S4: AR(1) explosive,OLS-AR(2),1.07291438730416
S4: AR(1) explosive,OLS-AR(2),1.1136865892208847
S4: AR(1) explosive,OLS-AR(2),0.9805026600022103
S4: AR(1) explosive,OLS-AR(2),1.0358397131966717
S4: AR(1) explosive,OLS-AR(2),1.1085845289175433
S4: AR(1) explosive,OLS-AR(2),0.9699527973553785
S4: AR(1) explosive,OLS-AR(2),1.102860131666143
S4: AR(1) explosive,OLS-AR(2),1.019318510643069
S4: AR(1) explosive,YW-AR(2),578521599094.9806
S4: AR(1) explosive,YW-AR(2),741707120516.0062
S4: AR(1) explosive,YW-AR(2),211480235698.7258
S4: AR(1) explosive,YW-AR(2),450983627771.4945
S4: AR(1) explosive,YW-AR(2),235333320085.03635
S4: AR(1) explosive,YW-AR(2),408329362948.10315
S4: AR(1) explosive,YW-AR(2),236138404956.0661
S4: AR(1) explosive,YW-AR(2),69609064812.92348
S4: AR(1) explosive,YW-AR(2),105371564923.99257
S4: AR(1) explosive,YW-AR(2),185985542656.4705
S4: AR(1) explosive,YW-AR(2),200965850666.9609
S4: AR(1) explosive,YW-AR(2),65013221953.58317
S4: AR(1) explosive,YW-AR(2),506103862889.568
S4: AR(1) explosive,YW-AR(2),320460131602.50635
S4: AR(1) explosive,YW-AR(2),387334135286.2791
S4: AR(1) explosive,YW-AR(2),263623180892.6505
S4: AR(1) explosive,YW-AR(2),576939389623.5441
S4: AR(1) explosive,YW-AR(2),574367915328.4148
S4: AR(1) explosive,YW-AR(2),272434821478.21664
S4: AR(1) explosive,YW-AR(2),565422904587.6729
S4: AR(1) explosive,Naive,300916422558.1213
S4: AR(1) explosive,Naive,385796923815.3179
S4: AR(1) explosive,Naive,110000864389.04953
S4: AR(1) explosive,Naive,234577896682.74957
S4: AR(1) explosive,Naive,122407980790.09918
S4: AR(1) explosive,Naive,212391397859.6035
S4: AR(1) explosive,Naive,122826743477.09085
S4: AR(1) explosive,Naive,36206964085.45113
S4: AR(1) explosive,Naive,54808730401.59849
S4: AR(1) explosive,Naive,96739869749.39449
S4: AR(1) explosive,Naive,104531835861.66719
S4: AR(1) explosive,Naive,33816449031.21217
S4: AR(1) explosive,Naive,263248535753.55765
S4: AR(1) explosive,Naive,166686458250.03693
S4: AR(1) explosive,Naive,201470787793.09448
S4: AR(1) explosive,Naive,137122874274.13402
S4: AR(1) explosive,Naive,300093440642.4449
S4: AR(1) explosive,Naive,298755895342.7785
S4: AR(1) explosive,Naive,141706224949.48645
S4: AR(1) explosive,Naive,294103172547.2404
S5: AR(2) stable,PT-univ,0.8941042698002631
S5: AR(2) stable,PT-univ,0.8113325211805598
S5: AR(2) stable,PT-univ,1.0744869490911162
S5: AR(2) stable,PT-univ,1.0432564249138208
S5: AR(2) stable,PT-univ,1.0989201691694204
S5: AR(2) stable,PT-univ,1.036460862616122
S5: AR(2) stable,PT-univ,0.9081277720646738
S5: AR(2) stable,PT-univ,0.9406030297391834
S5: AR(2) stable,PT-univ,0.9458891948009033
S5: AR(2) stable,PT-univ,0.8841554807519485
S5: AR(2) stable,PT-univ,0.9419848252688607
S5: AR(2) stable,PT-univ,1.0117902991951306
S5: AR(2) stable,PT-univ,1.0215184087955553
S5: AR(2) stable,PT-univ,0.9868240130916274
S5: AR(2) stable,PT-univ,0.9815514632939533
S5: AR(2) stable,PT-univ,0.9741797652178942
S5: AR(2) stable,PT-univ,0.9220027481660713
S5: AR(2) stable,PT-univ,1.0106975210654348
S5: AR(2) stable,PT-univ,1.0776994253368317
S5: AR(2) stable,PT-univ,0.8904854430098396
S5: AR(2) stable,PT-univ-quad,0.8976999891668017
S5: AR(2) stable,PT-univ-quad,0.8032849287148662
S5: AR(2) stable,PT-univ-quad,1.0787932103829356
S5: AR(2) stable,PT-univ-quad,1.0507156447459851
S5: AR(2) stable,PT-univ-quad,1.0950302455438112
S5: AR(2) stable,PT-univ-quad,1.0364903870842326
S5: AR(2) stable,PT-univ-quad,0.9204964634713325
S5: AR(2) stable,PT-univ-quad,0.9518168408703147
S5: AR(2) stable,PT-univ-quad,0.9456173371758061
S5: AR(2) stable,PT-univ-quad,0.900504806444399
S5: AR(2) stable,PT-univ-quad,0.9391903946414698
S5: AR(2) stable,PT-univ-quad,1.0259236059667611
S5: AR(2) stable,PT-univ-quad,1.0309491388995264
S5: AR(2) stable,PT-univ-quad,0.9863841282376334
S5: AR(2) stable,PT-univ-quad,0.9946605684290224
S5: AR(2) stable,PT-univ-quad,0.9785435041619526
S5: AR(2) stable,PT-univ-quad,0.9287804051904723
S5: AR(2) stable,PT-univ-quad,1.015767196741578
S5: AR(2) stable,PT-univ-quad,1.0850920981760812
S5: AR(2) stable,PT-univ-quad,0.8881031815057144
S5: AR(2) stable,OLS-AR(1),1.020528263726635
S5: AR(2) stable,OLS-AR(1),1.0548011418424457
S5: AR(2) stable,OLS-AR(1),1.2784456207475192
S5: AR(2) stable,OLS-AR(1),1.2858617323557753
S5: AR(2) stable,OLS-AR(1),1.374868115852734
S5: AR(2) stable,OLS-AR(1),1.2992905391447898
S5: AR(2) stable,OLS-AR(1),1.1684746704815665
S5: AR(2) stable,OLS-AR(1),1.3874128583753238
S5: AR(2) stable,OLS-AR(1),1.1979549545578636
S5: AR(2) stable,OLS-AR(1),1.05273977667748
S5: AR(2) stable,OLS-AR(1),1.232797409754742
S5: AR(2) stable,OLS-AR(1),1.2313893746975118
S5: AR(2) stable,OLS-AR(1),1.3208650367725856
S5: AR(2) stable,OLS-AR(1),1.2776352780736389
S5: AR(2) stable,OLS-AR(1),1.203043959002398
S5: AR(2) stable,OLS-AR(1),1.042321839900371
S5: AR(2) stable,OLS-AR(1),1.0187244193835294
S5: AR(2) stable,OLS-AR(1),1.1534290837748473
S5: AR(2) stable,OLS-AR(1),1.3990579030254706
S5: AR(2) stable,OLS-AR(1),1.062713357460318
S5: AR(2) stable,OLS-AR(2),0.894104269800263
S5: AR(2) stable,OLS-AR(2),0.8113325211805597
S5: AR(2) stable,OLS-AR(2),1.0744869490911166
S5: AR(2) stable,OLS-AR(2),1.043256424913821
S5: AR(2) stable,OLS-AR(2),1.0989201691694206
S5: AR(2) stable,OLS-AR(2),1.036460862616122
S5: AR(2) stable,OLS-AR(2),0.9081277720646738
S5: AR(2) stable,OLS-AR(2),0.9406030297391835
S5: AR(2) stable,OLS-AR(2),0.9458891948009032
S5: AR(2) stable,OLS-AR(2),0.8841554807519486
S5: AR(2) stable,OLS-AR(2),0.9419848252688606
S5: AR(2) stable,OLS-AR(2),1.0117902991951309
S5: AR(2) stable,OLS-AR(2),1.0215184087955553
S5: AR(2) stable,OLS-AR(2),0.9868240130916267
S5: AR(2) stable,OLS-AR(2),0.9815514632939532
S5: AR(2) stable,OLS-AR(2),0.9741797652178943
S5: AR(2) stable,OLS-AR(2),0.9220027481660711
S5: AR(2) stable,OLS-AR(2),1.0106975210654348
S5: AR(2) stable,OLS-AR(2),1.0776994253368317
S5: AR(2) stable,OLS-AR(2),0.8904854430098396
S5: AR(2) stable,YW-AR(2),0.8939172993263579
S5: AR(2) stable,YW-AR(2),0.8132763169982056
S5: AR(2) stable,YW-AR(2),1.0729036698733323
S5: AR(2) stable,YW-AR(2),1.0424929749476641
S5: AR(2) stable,YW-AR(2),1.096930928629201
S5: AR(2) stable,YW-AR(2),1.0359403686961322
S5: AR(2) stable,YW-AR(2),0.9095647748873962
S5: AR(2) stable,YW-AR(2),0.9365932399998926
S5: AR(2) stable,YW-AR(2),0.9441775716783384
S5: AR(2) stable,YW-AR(2),0.8841826192625049
S5: AR(2) stable,YW-AR(2),0.9403684594825672
S5: AR(2) stable,YW-AR(2),1.0125812568101011
S5: AR(2) stable,YW-AR(2),1.0199997281423274
S5: AR(2) stable,YW-AR(2),0.9889873647184958
S5: AR(2) stable,YW-AR(2),0.9800541081223992
S5: AR(2) stable,YW-AR(2),0.9744866414829466
S5: AR(2) stable,YW-AR(2),0.923408760159908
S5: AR(2) stable,YW-AR(2),1.0123704073109132
S5: AR(2) stable,YW-AR(2),1.0749617800171258
S5: AR(2) stable,YW-AR(2),0.8909854271541388
S5: AR(2) stable,Naive,1.0625709793922147
S5: AR(2) stable,Naive,1.0757784493311913
S5: AR(2) stable,Naive,1.3287946576667842
S5: AR(2) stable,Naive,1.3355784323249333
S5: AR(2) stable,Naive,1.4218634692636836
S5: AR(2) stable,Naive,1.3400279962333699
S5: AR(2) stable,Naive,1.2088739048373254
S5: AR(2) stable,Naive,1.4486104211408224
S5: AR(2) stable,Naive,1.2378119559339809
S5: AR(2) stable,Naive,1.077974560410565
S5: AR(2) stable,Naive,1.2707990379690386
S5: AR(2) stable,Naive,1.2591772335411957
S5: AR(2) stable,Naive,1.364087738847635
S5: AR(2) stable,Naive,1.3023669997887561
S5: AR(2) stable,Naive,1.2443329276122
S5: AR(2) stable,Naive,1.0901232580936504
S5: AR(2) stable,Naive,1.0608105546119142
S5: AR(2) stable,Naive,1.1871122330208241
S5: AR(2) stable,Naive,1.4524394039901423
S5: AR(2) stable,Naive,1.1030127409818937
S6: AR(2) heavy tail,PT-univ,1.4754408077711072
S6: AR(2) heavy tail,PT-univ,1.5584729247514177
S6: AR(2) heavy tail,PT-univ,1.494274113720635
S6: AR(2) heavy tail,PT-univ,1.2129973475745743
S6: AR(2) heavy tail,PT-univ,2.507805901108819
S6: AR(2) heavy tail,PT-univ,2.0262962985457884
S6: AR(2) heavy tail,PT-univ,1.8536107652991844
S6: AR(2) heavy tail,PT-univ,2.018241577944011
S6: AR(2) heavy tail,PT-univ,1.2530049816283952
S6: AR(2) heavy tail,PT-univ,3.3212849249651555
S6: AR(2) heavy tail,PT-univ,1.5278818115958963
S6: AR(2) heavy tail,PT-univ,1.5877433387715176
S6: AR(2) heavy tail,PT-univ,1.3452704835171956
S6: AR(2) heavy tail,PT-univ,1.519810972142884
S6: AR(2) heavy tail,PT-univ,1.8742797370314002
S6: AR(2) heavy tail,PT-univ,1.664152195760247
S6: AR(2) heavy tail,PT-univ,1.4755652614537085
S6: AR(2) heavy tail,PT-univ,1.360395011453941
S6: AR(2) heavy tail,PT-univ,1.4552939617377785
S6: AR(2) heavy tail,PT-univ,2.1144618185817543
S6: AR(2) heavy tail,PT-univ-quad,1.479330577352213
S6: AR(2) heavy tail,PT-univ-quad,1.5633500006032857
S6: AR(2) heavy tail,PT-univ-quad,1.4942922046035063
S6: AR(2) heavy tail,PT-univ-quad,1.2269573261456
S6: AR(2) heavy tail,PT-univ-quad,2.5370861798555278
S6: AR(2) heavy tail,PT-univ-quad,2.0365129569840765
S6: AR(2) heavy tail,PT-univ-quad,1.8570138848336488
S6: AR(2) heavy tail,PT-univ-quad,2.0197329953734493
S6: AR(2) heavy tail,PT-univ-quad,1.2502506669430336
S6: AR(2) heavy tail,PT-univ-quad,3.9312684001525104
S6: AR(2) heavy tail,PT-univ-quad,1.5277865233041379
S6: AR(2) heavy tail,PT-univ-quad,1.5760793118509537
S6: AR(2) heavy tail,PT-univ-quad,1.352251077624563
S6: AR(2) heavy tail,PT-univ-quad,1.5063059000528254
S6: AR(2) heavy tail,PT-univ-quad,1.8520944177663754
S6: AR(2) heavy tail,PT-univ-quad,1.6769707289873734
S6: AR(2) heavy tail,PT-univ-quad,1.5053318658952368
S6: AR(2) heavy tail,PT-univ-quad,1.3578707995765689
S6: AR(2) heavy tail,PT-univ-quad,1.449234479550813
S6: AR(2) heavy tail,PT-univ-quad,2.1288091440052166
S6: AR(2) heavy tail,OLS-AR(1),1.4985405610325266
S6: AR(2) heavy tail,OLS-AR(1),1.57825071061394
S6: AR(2) heavy tail,OLS-AR(1),1.5491178966457761
S6: AR(2) heavy tail,OLS-AR(1),1.2196629641462156
S6: AR(2) heavy tail,OLS-AR(1),2.50113032974297
S6: AR(2) heavy tail,OLS-AR(1),2.0632818288398207
S6: AR(2) heavy tail,OLS-AR(1),1.8910950150704113
S6: AR(2) heavy tail,OLS-AR(1),2.068533403693226
S6: AR(2) heavy tail,OLS-AR(1),1.3070899653387402
S6: AR(2) heavy tail,OLS-AR(1),3.4431313107993096
S6: AR(2) heavy tail,OLS-AR(1),1.560752211907321
S6: AR(2) heavy tail,OLS-AR(1),1.6060066807852957
S6: AR(2) heavy tail,OLS-AR(1),1.4370657931836455
S6: AR(2) heavy tail,OLS-AR(1),1.536762893109648
S6: AR(2) heavy tail,OLS-AR(1),1.969720060888031
S6: AR(2) heavy tail,OLS-AR(1),1.694575678885869
S6: AR(2) heavy tail,OLS-AR(1),1.5442483291662377
S6: AR(2) heavy tail,OLS-AR(1),1.3591630807463078
S6: AR(2) heavy tail,OLS-AR(1),1.485203758405036
S6: AR(2) heavy tail,OLS-AR(1),2.134940910063235
S6: AR(2) heavy tail,OLS-AR(2),1.475440807771107
S6: AR(2) heavy tail,OLS-AR(2),1.5584729247514177
S6: AR(2) heavy tail,OLS-AR(2),1.494274113720635
S6: AR(2) heavy tail,OLS-AR(2),1.2129973475745746
S6: AR(2) heavy tail,OLS-AR(2),2.507805901108819
S6: AR(2) heavy tail,OLS-AR(2),2.0262962985457884
S6: AR(2) heavy tail,OLS-AR(2),1.8536107652991844
S6: AR(2) heavy tail,OLS-AR(2),2.018241577944011
S6: AR(2) heavy tail,OLS-AR(2),1.253004981628395
S6: AR(2) heavy tail,OLS-AR(2),3.3212849249651555
S6: AR(2) heavy tail,OLS-AR(2),1.5278818115958963
S6: AR(2) heavy tail,OLS-AR(2),1.5877433387715176
S6: AR(2) heavy tail,OLS-AR(2),1.3452704835171954
S6: AR(2) heavy tail,OLS-AR(2),1.5198109721428839
S6: AR(2) heavy tail,OLS-AR(2),1.8742797370314002
S6: AR(2) heavy tail,OLS-AR(2),1.664152195760247
S6: AR(2) heavy tail,OLS-AR(2),1.4755652614537085
S6: AR(2) heavy tail,OLS-AR(2),1.360395011453941
S6: AR(2) heavy tail,OLS-AR(2),1.4552939617377785
S6: AR(2) heavy tail,OLS-AR(2),2.1144618185817543
S6: AR(2) heavy tail,YW-AR(2),1.4744462812455688
S6: AR(2) heavy tail,YW-AR(2),1.5574311247724715
S6: AR(2) heavy tail,YW-AR(2),1.491669698673863
S6: AR(2) heavy tail,YW-AR(2),1.2133466609444066
S6: AR(2) heavy tail,YW-AR(2),2.5106922577264803
S6: AR(2) heavy tail,YW-AR(2),2.0353986999987272
S6: AR(2) heavy tail,YW-AR(2),1.8545266907488196
S6: AR(2) heavy tail,YW-AR(2),2.0162571460926504
S6: AR(2) heavy tail,YW-AR(2),1.2524800180334688
S6: AR(2) heavy tail,YW-AR(2),3.519740851097199
S6: AR(2) heavy tail,YW-AR(2),1.528061081182653
S6: AR(2) heavy tail,YW-AR(2),1.588676570746983
S6: AR(2) heavy tail,YW-AR(2),1.3444970296976269
S6: AR(2) heavy tail,YW-AR(2),1.5216181600247483
S6: AR(2) heavy tail,YW-AR(2),1.8781645716314967
S6: AR(2) heavy tail,YW-AR(2),1.6643760573549309
S6: AR(2) heavy tail,YW-AR(2),1.4753772583422757
S6: AR(2) heavy tail,YW-AR(2),1.359098109969016
S6: AR(2) heavy tail,YW-AR(2),1.4544022299602974
S6: AR(2) heavy tail,YW-AR(2),2.117944104812121
S6: AR(2) heavy tail,Naive,1.710713124175411
S6: AR(2) heavy tail,Naive,1.7431589435418922
S6: AR(2) heavy tail,Naive,1.78777715598348
S6: AR(2) heavy tail,Naive,1.3885355490996123
S6: AR(2) heavy tail,Naive,2.8321791147922752
S6: AR(2) heavy tail,Naive,2.3310054226267907
S6: AR(2) heavy tail,Naive,2.139233293870896
S6: AR(2) heavy tail,Naive,2.3110186142789635
S6: AR(2) heavy tail,Naive,1.4618718485201445
S6: AR(2) heavy tail,Naive,3.863688160658726
S6: AR(2) heavy tail,Naive,1.7965938779433928
S6: AR(2) heavy tail,Naive,1.7650410347630416
S6: AR(2) heavy tail,Naive,1.6106205984434694
S6: AR(2) heavy tail,Naive,1.6852513897057533
S6: AR(2) heavy tail,Naive,2.1844349497350954
S6: AR(2) heavy tail,Naive,1.9348668973852892
S6: AR(2) heavy tail,Naive,1.7521705865843866
S6: AR(2) heavy tail,Naive,1.5334346138294943
S6: AR(2) heavy tail,Naive,1.6310769537882912
S6: AR(2) heavy tail,Naive,2.4355362563216016
S7: Struct break,PT-univ,1.1628465940443484
S7: Struct break,PT-univ,1.1498004200653968
S7: Struct break,PT-univ,1.074381219743721
S7: Struct break,PT-univ,1.0952729329184392
S7: Struct break,PT-univ,1.089228332143935
S7: Struct break,PT-univ,1.0045437905249925
S7: Struct break,PT-univ,0.9545246281900275
S7: Struct break,PT-univ,1.1229317562563765
S7: Struct break,PT-univ,1.088856345044477
S7: Struct break,PT-univ,1.0390981747122388
S7: Struct break,PT-univ,1.0513376240041374
S7: Struct break,PT-univ,0.966579721353844
S7: Struct break,PT-univ,1.1497298791965844
S7: Struct break,PT-univ,1.0554982714189522
S7: Struct break,PT-univ,0.9464788596247277
S7: Struct break,PT-univ,1.0329782382420716
S7: Struct break,PT-univ,1.0481939103646167
S7: Struct break,PT-univ,1.1243014978729449
S7: Struct break,PT-univ,1.0536450871536773
S7: Struct break,PT-univ,1.0941350764478304
S7: Struct break,PT-univ-quad,1.1835963428286422
S7: Struct break,PT-univ-quad,1.1546606521970837
S7: Struct break,PT-univ-quad,1.0824702028057898
S7: Struct break,PT-univ-quad,1.1760804359907764
S7: Struct break,PT-univ-quad,1.0907549642354073
S7: Struct break,PT-univ-quad,1.023795479054275
S7: Struct break,PT-univ-quad,1.0002046584974573
S7: Struct break,PT-univ-quad,1.1330079449772956
S7: Struct break,PT-univ-quad,1.101631189163826
S7: Struct break,PT-univ-quad,1.0556457405548396
S7: Struct break,PT-univ-quad,1.0721187728013157
S7: Struct break,PT-univ-quad,0.9716927850474825
S7: Struct break,PT-univ-quad,1.1592586110459946
S7: Struct break,PT-univ-quad,1.051801270328316
S7: Struct break,PT-univ-quad,0.9715382315121744
S7: Struct break,PT-univ-quad,1.0389684127090641
S7: Struct break,PT-univ-quad,1.0314720076258417
S7: Struct break,PT-univ-quad,1.1355465829832319
S7: Struct break,PT-univ-quad,1.0788298827182452
S7: Struct break,PT-univ-quad,1.0696268952819754
S7: Struct break,OLS-AR(1),1.147789386226276
S7: Struct break,OLS-AR(1),1.1496098199169573
S7: Struct break,OLS-AR(1),1.0782378883122175
S7: Struct break,OLS-AR(1),1.136298487958411
S7: Struct break,OLS-AR(1),1.073943735786706
S7: Struct break,OLS-AR(1),1.0024613575480579
S7: Struct break,OLS-AR(1),0.965685295795458
S7: Struct break,OLS-AR(1),1.1140227007855037
S7: Struct break,OLS-AR(1),1.0578609578287594
S7: Struct break,OLS-AR(1),1.0627019041919774
S7: Struct break,OLS-AR(1),1.0479270095456215
S7: Struct break,OLS-AR(1),0.9718029400189252
S7: Struct break,OLS-AR(1),1.1553561636645209
S7: Struct break,OLS-AR(1),1.0335662975032767
S7: Struct break,OLS-AR(1),0.9849926548622108
S7: Struct break,OLS-AR(1),1.0181348153391379
S7: Struct break,OLS-AR(1),0.995991524855495
S7: Struct break,OLS-AR(1),1.1256559470028267
S7: Struct break,OLS-AR(1),1.0654556757417175
S7: Struct break,OLS-AR(1),1.051231646412098
S7: Struct break,OLS-AR(2),1.1628465940443486
S7: Struct break,OLS-AR(2),1.149800420065397
S7: Struct break,OLS-AR(2),1.0743812197437208
S7: Struct break,OLS-AR(2),1.0952729329184394
S7: Struct break,OLS-AR(2),1.089228332143935
S7: Struct break,OLS-AR(2),1.0045437905249925
S7: Struct break,OLS-AR(2),0.954524628190027
S7: Struct break,OLS-AR(2),1.1229317562563765
S7: Struct break,OLS-AR(2),1.0888563450444773
S7: Struct break,OLS-AR(2),1.0390981747122388
S7: Struct break,OLS-AR(2),1.0513376240041374
S7: Struct break,OLS-AR(2),0.9665797213538442
S7: Struct break,OLS-AR(2),1.1497298791965842
S7: Struct break,OLS-AR(2),1.055498271418952
S7: Struct break,OLS-AR(2),0.9464788596247276
S7: Struct break,OLS-AR(2),1.0329782382420718
S7: Struct break,OLS-AR(2),1.0481939103646167
S7: Struct break,OLS-AR(2),1.1243014978729449
S7: Struct break,OLS-AR(2),1.0536450871536773
S7: Struct break,OLS-AR(2),1.0941350764478306
S7: Struct break,YW-AR(2),1.177816710589378
S7: Struct break,YW-AR(2),1.1671843287886745
S7: Struct break,YW-AR(2),1.1055320381187825
S7: Struct break,YW-AR(2),1.1230646152104495
S7: Struct break,YW-AR(2),1.1019209873908857
S7: Struct break,YW-AR(2),1.036244672599695
S7: Struct break,YW-AR(2),0.9884097817287807
S7: Struct break,YW-AR(2),1.1469279472140854
S7: Struct break,YW-AR(2),1.0951162117603028
S7: Struct break,YW-AR(2),1.0537311444732727
S7: Struct break,YW-AR(2),1.068070548871365
S7: Struct break,YW-AR(2),0.9772687985118339
S7: Struct break,YW-AR(2),1.170885767790141
S7: Struct break,YW-AR(2),1.0976416879147093
S7: Struct break,YW-AR(2),1.0132323254207425
S7: Struct break,YW-AR(2),1.0679222876784171
S7: Struct break,YW-AR(2),1.0704043004200303
S7: Struct break,YW-AR(2),1.1272207445799416
S7: Struct break,YW-AR(2),1.0728693124677349
S7: Struct break,YW-AR(2),1.1182462811207268
S7: Struct break,Naive,1.1509181766161685
S7: Struct break,Naive,1.1411689045114068
S7: Struct break,Naive,1.0590044398850842
S7: Struct break,Naive,1.1305822218304304
S7: Struct break,Naive,1.075835792335693
S7: Struct break,Naive,0.9872295029130643
S7: Struct break,Naive,0.9515536427312749
S7: Struct break,Naive,1.1010484258579498
S7: Struct break,Naive,1.0648486681565243
S7: Struct break,Naive,1.0550785595621464
S7: Struct break,Naive,1.0412072736578712
S7: Struct break,Naive,0.9738224710888146
S7: Struct break,Naive,1.1515471707441602
S7: Struct break,Naive,1.0101897266459385
S7: Struct break,Naive,0.9365348809118088
S7: Struct break,Naive,1.0019613422593434
S7: Struct break,Naive,0.9806020477811699
S7: Struct break,Naive,1.1338514853715609
S7: Struct break,Naive,1.06292605362042
S7: Struct break,Naive,1.0308949917675654
S8: GARCH-like,PT-univ,0.5900112241854418
S8: GARCH-like,PT-univ,0.57499927226376
S8: GARCH-like,PT-univ,0.8411486053344676
S8: GARCH-like,PT-univ,0.6815958115665883
S8: GARCH-like,PT-univ,0.7321701000149028
S8: GARCH-like,PT-univ,0.9467688533515971
S8: GARCH-like,PT-univ,0.7211880781263967
S8: GARCH-like,PT-univ,1.2807990184408098
S8: GARCH-like,PT-univ,0.6529571711073384
S8: GARCH-like,PT-univ,1.2608106764867764
S8: GARCH-like,PT-univ,0.542133016253401
S8: GARCH-like,PT-univ,0.7424877507464693
S8: GARCH-like,PT-univ,1.1878953293174859
S8: GARCH-like,PT-univ,0.6564144780968282
S8: GARCH-like,PT-univ,0.7300534020849578
S8: GARCH-like,PT-univ,0.6042445460287099
S8: GARCH-like,PT-univ,0.8992980626496551
S8: GARCH-like,PT-univ,0.7464952584632556
S8: GARCH-like,PT-univ,0.7685254244393132
S8: GARCH-like,PT-univ,0.7227834561298072
S8: GARCH-like,PT-univ-quad,0.6054806108751636
S8: GARCH-like,PT-univ-quad,0.570743284816652
S8: GARCH-like,PT-univ-quad,0.8615146050675273
S8: GARCH-like,PT-univ-quad,0.6844404128741697
S8: GARCH-like,PT-univ-quad,0.741478715579825
S8: GARCH-like,PT-univ-quad,0.9772761249547224
S8: GARCH-like,PT-univ-quad,0.7128634570288797
S8: GARCH-like,PT-univ-quad,1.4113474069362024
S8: GARCH-like,PT-univ-quad,0.6565912815346199
S8: GARCH-like,PT-univ-quad,1.3890710214933053
S8: GARCH-like,PT-univ-quad,0.5563294663379758
S8: GARCH-like,PT-univ-quad,0.7487091217328223
S8: GARCH-like,PT-univ-quad,1.6274104424360418
S8: GARCH-like,PT-univ-quad,0.6724653636110286
S8: GARCH-like,PT-univ-quad,0.7445840914041728
S8: GARCH-like,PT-univ-quad,0.6075480095277822
S8: GARCH-like,PT-univ-quad,0.9063932680370625
S8: GARCH-like,PT-univ-quad,0.7502037867191443
S8: GARCH-like,PT-univ-quad,0.7618199623368155
S8: GARCH-like,PT-univ-quad,0.727399993619473
S8: GARCH-like,OLS-AR(1),0.5895426652453905
S8: GARCH-like,OLS-AR(1),0.5733111010174711
S8: GARCH-like,OLS-AR(1),0.8411973477634298
S8: GARCH-like,OLS-AR(1),0.6814285502245816
S8: GARCH-like,OLS-AR(1),0.7290889985358133
S8: GARCH-like,OLS-AR(1),0.9441133511543776
S8: GARCH-like,OLS-AR(1),0.7144432745070214
S8: GARCH-like,OLS-AR(1),1.2649630429397662
S8: GARCH-like,OLS-AR(1),0.6498886323924691
S8: GARCH-like,OLS-AR(1),1.2513145142026731
S8: GARCH-like,OLS-AR(1),0.5382614287837222
S8: GARCH-like,OLS-AR(1),0.7415988733037643
S8: GARCH-like,OLS-AR(1),1.184452354999859
S8: GARCH-like,OLS-AR(1),0.6561991185662269
S8: GARCH-like,OLS-AR(1),0.7317390132394598
S8: GARCH-like,OLS-AR(1),0.6087684555217497
S8: GARCH-like,OLS-AR(1),0.8991881663627008
S8: GARCH-like,OLS-AR(1),0.7375845359764859
S8: GARCH-like,OLS-AR(1),0.7668466475044897
S8: GARCH-like,OLS-AR(1),0.719985680570734
S8: GARCH-like,OLS-AR(2),0.5900112241854418
S8: GARCH-like,OLS-AR(2),0.57499927226376
S8: GARCH-like,OLS-AR(2),0.8411486053344676
S8: GARCH-like,OLS-AR(2),0.6815958115665884
S8: GARCH-like,OLS-AR(2),0.7321701000149028
S8: GARCH-like,OLS-AR(2),0.9467688533515971
S8: GARCH-like,OLS-AR(2),0.7211880781263968
S8: GARCH-like,OLS-AR(2),1.2807990184408098
S8: GARCH-like,OLS-AR(2),0.6529571711073384
S8: GARCH-like,OLS-AR(2),1.2608106764867766
S8: GARCH-like,OLS-AR(2),0.542133016253401
S8: GARCH-like,OLS-AR(2),0.7424877507464693
S8: GARCH-like,OLS-AR(2),1.1878953293174859
S8: GARCH-like,OLS-AR(2),0.6564144780968282
S8: GARCH-like,OLS-AR(2),0.7300534020849578
S8: GARCH-like,OLS-AR(2),0.60424454602871
S8: GARCH-like,OLS-AR(2),0.8992980626496551
S8: GARCH-like,OLS-AR(2),0.7464952584632556
S8: GARCH-like,OLS-AR(2),0.7685254244393132
S8: GARCH-like,OLS-AR(2),0.7227834561298072
S8: GARCH-like,YW-AR(2),0.590254431475464
S8: GARCH-like,YW-AR(2),0.5742902443494714
S8: GARCH-like,YW-AR(2),0.8418930210882123
S8: GARCH-like,YW-AR(2),0.6823943962209631
S8: GARCH-like,YW-AR(2),0.7308111289958532
S8: GARCH-like,YW-AR(2),0.946558576667445
S8: GARCH-like,YW-AR(2),0.7186703402520508
S8: GARCH-like,YW-AR(2),1.2754304557870517
S8: GARCH-like,YW-AR(2),0.6519874078596529
S8: GARCH-like,YW-AR(2),1.252413943510172
S8: GARCH-like,YW-AR(2),0.5420337781997674
S8: GARCH-like,YW-AR(2),0.7405725227300437
S8: GARCH-like,YW-AR(2),1.1735062490224988
S8: GARCH-like,YW-AR(2),0.6565689197301171
S8: GARCH-like,YW-AR(2),0.7311873994366971
S8: GARCH-like,YW-AR(2),0.6037029802959996
S8: GARCH-like,YW-AR(2),0.9077276409411891
S8: GARCH-like,YW-AR(2),0.7473547763745466
S8: GARCH-like,YW-AR(2),0.7674019243867888
S8: GARCH-like,YW-AR(2),0.7231230489061554
S8: GARCH-like,Naive,0.6800480089670237
S8: GARCH-like,Naive,0.6517620646358355
S8: GARCH-like,Naive,0.9477058158595093
S8: GARCH-like,Naive,0.802775649476125
S8: GARCH-like,Naive,0.8528637427404089
S8: GARCH-like,Naive,1.0725954397260151
S8: GARCH-like,Naive,0.8269250286589541
S8: GARCH-like,Naive,1.546192443286916
S8: GARCH-like,Naive,0.77267543189289
S8: GARCH-like,Naive,1.5417666941456751
S8: GARCH-like,Naive,0.6441626515636598
S8: GARCH-like,Naive,0.9031686519458734
S8: GARCH-like,Naive,1.311095644347506
S8: GARCH-like,Naive,0.7467887718696392
S8: GARCH-like,Naive,0.7840661670641582
S8: GARCH-like,Naive,0.7070387864035783
S8: GARCH-like,Naive,0.8705827576618418
S8: GARCH-like,Naive,0.7698550115555058
S8: GARCH-like,Naive,0.9415972077172353
S8: GARCH-like,Naive,0.8137819630668639
S9: Trend + AR,PT-univ,1.0945703598655636
S9: Trend + AR,PT-univ,1.1592060556001338
S9: Trend + AR,PT-univ,1.125182346310126
S9: Trend + AR,PT-univ,1.0225338412022174
S9: Trend + AR,PT-univ,1.0136200943244287
S9: Trend + AR,PT-univ,1.0991197579859255
S9: Trend + AR,PT-univ,1.0908884521619568
S9: Trend + AR,PT-univ,1.165453616612977
S9: Trend + AR,PT-univ,1.0755342751196482
S9: Trend + AR,PT-univ,1.105966945245382
S9: Trend + AR,PT-univ,1.1577999272681045
S9: Trend + AR,PT-univ,0.8891774235727811
S9: Trend + AR,PT-univ,1.0350401661571194
S9: Trend + AR,PT-univ,1.1276015033293305
S9: Trend + AR,PT-univ,1.1134624705206626
S9: Trend + AR,PT-univ,1.1993043172280622
S9: Trend + AR,PT-univ,1.1106431381846757
S9: Trend + AR,PT-univ,1.054634065998759
S9: Trend + AR,PT-univ,1.062535847220193
S9: Trend + AR,PT-univ,1.1729957968740372
S9: Trend + AR,PT-univ-quad,1.1002131467287737
S9: Trend + AR,PT-univ-quad,1.1606779521904693
S9: Trend + AR,PT-univ-quad,1.18202709387449
S9: Trend + AR,PT-univ-quad,1.0269101173906172
S9: Trend + AR,PT-univ-quad,1.0178077739287867
S9: Trend + AR,PT-univ-quad,1.116663805054318
S9: Trend + AR,PT-univ-quad,1.1120895592661537
S9: Trend + AR,PT-univ-quad,1.1777118363894372
S9: Trend + AR,PT-univ-quad,1.0831067704184283
S9: Trend + AR,PT-univ-quad,1.113713964155965
S9: Trend + AR,PT-univ-quad,1.1531162943222288
S9: Trend + AR,PT-univ-quad,0.9100366164650942
S9: Trend + AR,PT-univ-quad,1.0384912062394691
S9: Trend + AR,PT-univ-quad,1.13392610781577
S9: Trend + AR,PT-univ-quad,1.140689972326522
S9: Trend + AR,PT-univ-quad,1.208372884541955
S9: Trend + AR,PT-univ-quad,1.1237547495829032
S9: Trend + AR,PT-univ-quad,1.0810350338611665
S9: Trend + AR,PT-univ-quad,1.0767571030796985
S9: Trend + AR,PT-univ-quad,1.1806092479339847
S9: Trend + AR,OLS-AR(1),1.1504791252957165
S9: Trend + AR,OLS-AR(1),1.173238336289298
S9: Trend + AR,OLS-AR(1),1.1458386306321569
S9: Trend + AR,OLS-AR(1),1.054948931638328
S9: Trend + AR,OLS-AR(1),1.0380861323719681
S9: Trend + AR,OLS-AR(1),1.1213371640370644
S9: Trend + AR,OLS-AR(1),1.1002829366896016
S9: Trend + AR,OLS-AR(1),1.1698603280322941
S9: Trend + AR,OLS-AR(1),1.108534941090484
S9: Trend + AR,OLS-AR(1),1.1457698836873416
S9: Trend + AR,OLS-AR(1),1.1666523747617858
S9: Trend + AR,OLS-AR(1),0.9017494461874931
S9: Trend + AR,OLS-AR(1),1.04359746574068
S9: Trend + AR,OLS-AR(1),1.1240298555804467
S9: Trend + AR,OLS-AR(1),1.1178157781031395
S9: Trend + AR,OLS-AR(1),1.2290986817447958
S9: Trend + AR,OLS-AR(1),1.1457433876991625
S9: Trend + AR,OLS-AR(1),1.097757120307479
S9: Trend + AR,OLS-AR(1),1.1038102488445765
S9: Trend + AR,OLS-AR(1),1.1807833041492704
S9: Trend + AR,OLS-AR(2),1.094570359865564
S9: Trend + AR,OLS-AR(2),1.1592060556001342
S9: Trend + AR,OLS-AR(2),1.125182346310126
S9: Trend + AR,OLS-AR(2),1.0225338412022176
S9: Trend + AR,OLS-AR(2),1.0136200943244287
S9: Trend + AR,OLS-AR(2),1.099119757985926
S9: Trend + AR,OLS-AR(2),1.090888452161957
S9: Trend + AR,OLS-AR(2),1.165453616612977
S9: Trend + AR,OLS-AR(2),1.0755342751196482
S9: Trend + AR,OLS-AR(2),1.105966945245382
S9: Trend + AR,OLS-AR(2),1.1577999272681043
S9: Trend + AR,OLS-AR(2),0.8891774235727808
S9: Trend + AR,OLS-AR(2),1.0350401661571194
S9: Trend + AR,OLS-AR(2),1.1276015033293305
S9: Trend + AR,OLS-AR(2),1.113462470520663
S9: Trend + AR,OLS-AR(2),1.199304317228062
S9: Trend + AR,OLS-AR(2),1.1106431381846755
S9: Trend + AR,OLS-AR(2),1.0546340659987594
S9: Trend + AR,OLS-AR(2),1.0625358472201925
S9: Trend + AR,OLS-AR(2),1.172995796874037
S9: Trend + AR,YW-AR(2),1.3412631821816552
S9: Trend + AR,YW-AR(2),1.360850477977309
S9: Trend + AR,YW-AR(2),1.468284366288313
S9: Trend + AR,YW-AR(2),1.1692034123669133
S9: Trend + AR,YW-AR(2),1.2350604480437943
S9: Trend + AR,YW-AR(2),1.3545452688111888
S9: Trend + AR,YW-AR(2),1.3154774492421637
S9: Trend + AR,YW-AR(2),1.3449749006083103
S9: Trend + AR,YW-AR(2),1.2683175728799452
S9: Trend + AR,YW-AR(2),1.318237013006089
S9: Trend + AR,YW-AR(2),1.330404296967975
S9: Trend + AR,YW-AR(2),1.1041006827030035
S9: Trend + AR,YW-AR(2),1.2164149019134323
S9: Trend + AR,YW-AR(2),1.300036823838911
S9: Trend + AR,YW-AR(2),1.4367168867343338
S9: Trend + AR,YW-AR(2),1.3641962165972357
S9: Trend + AR,YW-AR(2),1.3160731784982458
S9: Trend + AR,YW-AR(2),1.2675500535934565
S9: Trend + AR,YW-AR(2),1.2628608791728257
S9: Trend + AR,YW-AR(2),1.3516612857904384
S9: Trend + AR,Naive,1.133965816543967
S9: Trend + AR,Naive,1.1626777266196475
S9: Trend + AR,Naive,1.1200709404720313
S9: Trend + AR,Naive,1.0325798357369893
S9: Trend + AR,Naive,1.0217775849399975
S9: Trend + AR,Naive,1.1008023560776987
S9: Trend + AR,Naive,1.0715114557642813
S9: Trend + AR,Naive,1.1528623947275916
S9: Trend + AR,Naive,1.0984337652135245
S9: Trend + AR,Naive,1.13302037429356
S9: Trend + AR,Naive,1.1580193438315471
S9: Trend + AR,Naive,0.8792446315503522
S9: Trend + AR,Naive,1.035878981407349
S9: Trend + AR,Naive,1.1066541653167565
S9: Trend + AR,Naive,1.0950095811460185
S9: Trend + AR,Naive,1.2209190397625247
S9: Trend + AR,Naive,1.1231364269077275
S9: Trend + AR,Naive,1.0870329552402254
S9: Trend + AR,Naive,1.082078083549005
S9: Trend + AR,Naive,1.1645614548661802
S10: Quasi-periodic,PT-univ,0.24505632679855002
S10: Quasi-periodic,PT-univ,0.20654952248635838
S10: Quasi-periodic,PT-univ,0.23110686744823636
S10: Quasi-periodic,PT-univ,0.24788396589705378
S10: Quasi-periodic,PT-univ,0.2049669374942207
S10: Quasi-periodic,PT-univ,0.22166767160159787
S10: Quasi-periodic,PT-univ,0.22858619452605564
S10: Quasi-periodic,PT-univ,0.27775904545108976
S10: Quasi-periodic,PT-univ,0.2271635586109293
S10: Quasi-periodic,PT-univ,0.21569682119776654
S10: Quasi-periodic,PT-univ,0.20948946297797624
S10: Quasi-periodic,PT-univ,0.25398533059320116
S10: Quasi-periodic,PT-univ,0.22887737842990596
S10: Quasi-periodic,PT-univ,0.21710228960707392
S10: Quasi-periodic,PT-univ,0.226853330319348
S10: Quasi-periodic,PT-univ,0.23825801340321015
S10: Quasi-periodic,PT-univ,0.21819725340976706
S10: Quasi-periodic,PT-univ,0.25040820107817324
S10: Quasi-periodic,PT-univ,0.23025364116013394
S10: Quasi-periodic,PT-univ,0.22773727179099174
S10: Quasi-periodic,PT-univ-quad,0.24492811030500444
S10: Quasi-periodic,PT-univ-quad,0.20745138620722808
S10: Quasi-periodic,PT-univ-quad,0.23295791622626408
S10: Quasi-periodic,PT-univ-quad,0.2485026002531885
S10: Quasi-periodic,PT-univ-quad,0.20503301940724136
S10: Quasi-periodic,PT-univ-quad,0.22173492489493463
S10: Quasi-periodic,PT-univ-quad,0.22849988192009052
S10: Quasi-periodic,PT-univ-quad,0.2802621386940297
S10: Quasi-periodic,PT-univ-quad,0.22780433192952837
S10: Quasi-periodic,PT-univ-quad,0.21631751786745154
S10: Quasi-periodic,PT-univ-quad,0.2102964475359015
S10: Quasi-periodic,PT-univ-quad,0.2552669406199032
S10: Quasi-periodic,PT-univ-quad,0.22922960461210998
S10: Quasi-periodic,PT-univ-quad,0.2172981190776331
S10: Quasi-periodic,PT-univ-quad,0.22780701320300442
S10: Quasi-periodic,PT-univ-quad,0.23914163370939973
S10: Quasi-periodic,PT-univ-quad,0.22053102661398077
S10: Quasi-periodic,PT-univ-quad,0.2509763406471299
S10: Quasi-periodic,PT-univ-quad,0.23129044900332593
S10: Quasi-periodic,PT-univ-quad,0.2298473573667351
S10: Quasi-periodic,OLS-AR(1),0.31413509081522367
S10: Quasi-periodic,OLS-AR(1),0.2997417956593659
S10: Quasi-periodic,OLS-AR(1),0.3113160946095868
S10: Quasi-periodic,OLS-AR(1),0.31408073664438907
S10: Quasi-periodic,OLS-AR(1),0.2963843356953131
S10: Quasi-periodic,OLS-AR(1),0.307349637971147
S10: Quasi-periodic,OLS-AR(1),0.29823665826512674
S10: Quasi-periodic,OLS-AR(1),0.32294037617375654
S10: Quasi-periodic,OLS-AR(1),0.3071303226845197
S10: Quasi-periodic,OLS-AR(1),0.3039548409780566
S10: Quasi-periodic,OLS-AR(1),0.29079692269737994
S10: Quasi-periodic,OLS-AR(1),0.31788201503538055
S10: Quasi-periodic,OLS-AR(1),0.30758301402795196
S10: Quasi-periodic,OLS-AR(1),0.3002624957029841
S10: Quasi-periodic,OLS-AR(1),0.3020007848342112
S10: Quasi-periodic,OLS-AR(1),0.31022878759467704
S10: Quasi-periodic,OLS-AR(1),0.2980978553275175
S10: Quasi-periodic,OLS-AR(1),0.3115780252672537
S10: Quasi-periodic,OLS-AR(1),0.31036113269814164
S10: Quasi-periodic,OLS-AR(1),0.30942778043489505
S10: Quasi-periodic,OLS-AR(2),0.24505632679854997
S10: Quasi-periodic,OLS-AR(2),0.20654952248635838
S10: Quasi-periodic,OLS-AR(2),0.23110686744823633
S10: Quasi-periodic,OLS-AR(2),0.24788396589705378
S10: Quasi-periodic,OLS-AR(2),0.20496693749422074
S10: Quasi-periodic,OLS-AR(2),0.22166767160159784
S10: Quasi-periodic,OLS-AR(2),0.22858619452605564
S10: Quasi-periodic,OLS-AR(2),0.27775904545108976
S10: Quasi-periodic,OLS-AR(2),0.22716355861092932
S10: Quasi-periodic,OLS-AR(2),0.21569682119776662
S10: Quasi-periodic,OLS-AR(2),0.20948946297797624
S10: Quasi-periodic,OLS-AR(2),0.2539853305932012
S10: Quasi-periodic,OLS-AR(2),0.22887737842990596
S10: Quasi-periodic,OLS-AR(2),0.21710228960707395
S10: Quasi-periodic,OLS-AR(2),0.226853330319348
S10: Quasi-periodic,OLS-AR(2),0.23825801340321018
S10: Quasi-periodic,OLS-AR(2),0.21819725340976706
S10: Quasi-periodic,OLS-AR(2),0.2504082010781733
S10: Quasi-periodic,OLS-AR(2),0.23025364116013392
S10: Quasi-periodic,OLS-AR(2),0.2277372717909917
S10: Quasi-periodic,YW-AR(2),0.24486529598518111
S10: Quasi-periodic,YW-AR(2),0.20614089921723533
S10: Quasi-periodic,YW-AR(2),0.23103034918758641
S10: Quasi-periodic,YW-AR(2),0.24731271021746712
S10: Quasi-periodic,YW-AR(2),0.2044749592653879
S10: Quasi-periodic,YW-AR(2),0.22082701009226655
S10: Quasi-periodic,YW-AR(2),0.2283141902368408
S10: Quasi-periodic,YW-AR(2),0.2772273160368091
S10: Quasi-periodic,YW-AR(2),0.22643405591087998
S10: Quasi-periodic,YW-AR(2),0.2153937681115146
S10: Quasi-periodic,YW-AR(2),0.20904556629205917
S10: Quasi-periodic,YW-AR(2),0.25289151135780713
S10: Quasi-periodic,YW-AR(2),0.2282756865243252
S10: Quasi-periodic,YW-AR(2),0.2164690893789338
S10: Quasi-periodic,YW-AR(2),0.22661242675946497
S10: Quasi-periodic,YW-AR(2),0.23785180848635065
S10: Quasi-periodic,YW-AR(2),0.21747376108431446
S10: Quasi-periodic,YW-AR(2),0.25005038478659564
S10: Quasi-periodic,YW-AR(2),0.22988103218833528
S10: Quasi-periodic,YW-AR(2),0.22689774877461089
S10: Quasi-periodic,Naive,0.32035998196760496
S10: Quasi-periodic,Naive,0.30520716562079436
S10: Quasi-periodic,Naive,0.3172486195913904
S10: Quasi-periodic,Naive,0.32008815743236757
S10: Quasi-periodic,Naive,0.3016440200226122
S10: Quasi-periodic,Naive,0.3128932085782225
S10: Quasi-periodic,Naive,0.303569142590893
S10: Quasi-periodic,Naive,0.3295703305822046
S10: Quasi-periodic,Naive,0.3127455325374737
S10: Quasi-periodic,Naive,0.3096518069714754
S10: Quasi-periodic,Naive,0.29596467031700313
S10: Quasi-periodic,Naive,0.324228666576981
S10: Quasi-periodic,Naive,0.3132220444528371
S10: Quasi-periodic,Naive,0.30558558547815723
S10: Quasi-periodic,Naive,0.30754514246341663
S10: Quasi-periodic,Naive,0.3161120131794287
S10: Quasi-periodic,Naive,0.3036055515948829
S10: Quasi-periodic,Naive,0.31758131659653793
S10: Quasi-periodic,Naive,0.3161344554430216
S10: Quasi-periodic,Naive,0.3150377582117768
S11: Logistic chaos,PT-univ,0.42081918078008174
S11: Logistic chaos,PT-univ,0.4215788348231242
S11: Logistic chaos,PT-univ,0.42012638111909645
S11: Logistic chaos,PT-univ,0.4216419955509088
S11: Logistic chaos,PT-univ,0.4211975496139939
S11: Logistic chaos,PT-univ,0.4212670478317098
S11: Logistic chaos,PT-univ,0.41997406478541355
S11: Logistic chaos,PT-univ,0.42171064487061133
S11: Logistic chaos,PT-univ,0.4222510943230079
S11: Logistic chaos,PT-univ,0.4204224095680862
S11: Logistic chaos,PT-univ,0.42123048679178404
S11: Logistic chaos,PT-univ,0.4212288663580492
S11: Logistic chaos,PT-univ,0.4207351138830758
S11: Logistic chaos,PT-univ,0.4208590390747268
S11: Logistic chaos,PT-univ,0.42160633402884384
S11: Logistic chaos,PT-univ,0.42194615630761756
S11: Logistic chaos,PT-univ,0.4215967930094992
S11: Logistic chaos,PT-univ,0.42154710389876404
S11: Logistic chaos,PT-univ,0.42097013414639634
S11: Logistic chaos,PT-univ,0.4218296256497549
S11: Logistic chaos,PT-univ-quad,0.01469697281255816
S11: Logistic chaos,PT-univ-quad,0.01301709637214762
S11: Logistic chaos,PT-univ-quad,0.013466416219391267
S11: Logistic chaos,PT-univ-quad,0.014787453029747974
S11: Logistic chaos,PT-univ-quad,0.012446420380113874
S11: Logistic chaos,PT-univ-quad,0.012356345094836907
S11: Logistic chaos,PT-univ-quad,0.013891624901002826
S11: Logistic chaos,PT-univ-quad,0.013013289043749014
S11: Logistic chaos,PT-univ-quad,0.01428325765830464
S11: Logistic chaos,PT-univ-quad,0.012944450568388327
S11: Logistic chaos,PT-univ-quad,0.012573307415530045
S11: Logistic chaos,PT-univ-quad,0.01246567325306293
S11: Logistic chaos,PT-univ-quad,0.014876125796579555
S11: Logistic chaos,PT-univ-quad,0.012495613529435132
S11: Logistic chaos,PT-univ-quad,0.013372661981499338
S11: Logistic chaos,PT-univ-quad,0.012990306854052463
S11: Logistic chaos,PT-univ-quad,0.01361263152663662
S11: Logistic chaos,PT-univ-quad,0.014512750937832351
S11: Logistic chaos,PT-univ-quad,0.014173649571732888
S11: Logistic chaos,PT-univ-quad,0.01590851172191364
S11: Logistic chaos,OLS-AR(1),0.4653535315358858
S11: Logistic chaos,OLS-AR(1),0.4655919672580928
S11: Logistic chaos,OLS-AR(1),0.464330497035904
S11: Logistic chaos,OLS-AR(1),0.4662475815360434
S11: Logistic chaos,OLS-AR(1),0.4655707589021343
S11: Logistic chaos,OLS-AR(1),0.4660152594888372
S11: Logistic chaos,OLS-AR(1),0.46477399118881185
S11: Logistic chaos,OLS-AR(1),0.4660577322975388
S11: Logistic chaos,OLS-AR(1),0.46698007946265413
S11: Logistic chaos,OLS-AR(1),0.464963023620873
S11: Logistic chaos,OLS-AR(1),0.46564239966867693
S11: Logistic chaos,OLS-AR(1),0.4653147812525456
S11: Logistic chaos,OLS-AR(1),0.46505767952634125
S11: Logistic chaos,OLS-AR(1),0.4653787946478238
S11: Logistic chaos,OLS-AR(1),0.46602139894140215
S11: Logistic chaos,OLS-AR(1),0.4662652959794604
S11: Logistic chaos,OLS-AR(1),0.4660059283114792
S11: Logistic chaos,OLS-AR(1),0.4659992743984351
S11: Logistic chaos,OLS-AR(1),0.4657238063927163
S11: Logistic chaos,OLS-AR(1),0.4665126246256105
S11: Logistic chaos,OLS-AR(2),0.42081918078008174
S11: Logistic chaos,OLS-AR(2),0.42157883482312425
S11: Logistic chaos,OLS-AR(2),0.4201263811190964
S11: Logistic chaos,OLS-AR(2),0.4216419955509088
S11: Logistic chaos,OLS-AR(2),0.42119754961399386
S11: Logistic chaos,OLS-AR(2),0.4212670478317098
S11: Logistic chaos,OLS-AR(2),0.4199740647854136
S11: Logistic chaos,OLS-AR(2),0.4217106448706113
S11: Logistic chaos,OLS-AR(2),0.4222510943230079
S11: Logistic chaos,OLS-AR(2),0.42042240956808613
S11: Logistic chaos,OLS-AR(2),0.42123048679178404
S11: Logistic chaos,OLS-AR(2),0.4212288663580492
S11: Logistic chaos,OLS-AR(2),0.42073511388307583
S11: Logistic chaos,OLS-AR(2),0.4208590390747268
S11: Logistic chaos,OLS-AR(2),0.42160633402884384
S11: Logistic chaos,OLS-AR(2),0.4219461563076176
S11: Logistic chaos,OLS-AR(2),0.4215967930094992
S11: Logistic chaos,OLS-AR(2),0.42154710389876404
S11: Logistic chaos,OLS-AR(2),0.42097013414639634
S11: Logistic chaos,OLS-AR(2),0.42182962564975485
S11: Logistic chaos,YW-AR(2),1.0522500391873888
S11: Logistic chaos,YW-AR(2),1.0540206175826552
S11: Logistic chaos,YW-AR(2),1.0522516385038274
S11: Logistic chaos,YW-AR(2),1.0549580884835401
S11: Logistic chaos,YW-AR(2),1.0546457312174957
S11: Logistic chaos,YW-AR(2),1.0527200603802747
S11: Logistic chaos,YW-AR(2),1.0535296519532455
S11: Logistic chaos,YW-AR(2),1.0536696808546204
S11: Logistic chaos,YW-AR(2),1.0523210116546806
S11: Logistic chaos,YW-AR(2),1.0556744680338281
S11: Logistic chaos,YW-AR(2),1.0550414872106626
S11: Logistic chaos,YW-AR(2),1.051889415475472
S11: Logistic chaos,YW-AR(2),1.0517603690688473
S11: Logistic chaos,YW-AR(2),1.0524823714071716
S11: Logistic chaos,YW-AR(2),1.0507202725330846
S11: Logistic chaos,YW-AR(2),1.0516550401947526
S11: Logistic chaos,YW-AR(2),1.0519977539628134
S11: Logistic chaos,YW-AR(2),1.0556729249579864
S11: Logistic chaos,YW-AR(2),1.052596518062018
S11: Logistic chaos,YW-AR(2),1.0544392119348571
S11: Logistic chaos,Naive,0.5032381165230823
S11: Logistic chaos,Naive,0.5034408653908748
S11: Logistic chaos,Naive,0.5018646496952195
S11: Logistic chaos,Naive,0.5040549610536785
S11: Logistic chaos,Naive,0.5033189735377648
S11: Logistic chaos,Naive,0.5039370771598839
S11: Logistic chaos,Naive,0.5022415450213089
S11: Logistic chaos,Naive,0.504111236926906
S11: Logistic chaos,Naive,0.5052131806519807
S11: Logistic chaos,Naive,0.5024634284097037
S11: Logistic chaos,Naive,0.5034480862701294
S11: Logistic chaos,Naive,0.5031547854872152
S11: Logistic chaos,Naive,0.5027460239844415
S11: Logistic chaos,Naive,0.5032194740990801
S11: Logistic chaos,Naive,0.5040819567886271
S11: Logistic chaos,Naive,0.5042918910614042
S11: Logistic chaos,Naive,0.5039782036946615
S11: Logistic chaos,Naive,0.5038965382143414
S11: Logistic chaos,Naive,0.5036001665658967
S11: Logistic chaos,Naive,0.5046811351428031
S12: Hénon,PT-univ,0.731041245836943
S12: Hénon,PT-univ,0.7312385231231708
S12: Hénon,PT-univ,0.7305569712714108
S12: Hénon,PT-univ,0.7304534360303946
S12: Hénon,PT-univ,0.7312337577137792
S12: Hénon,PT-univ,0.7308771533613988
S12: Hénon,PT-univ,0.7298470648295019
S12: Hénon,PT-univ,0.7316754709186893
S12: Hénon,PT-univ,0.7314023134430103
S12: Hénon,PT-univ,0.730890137862369
S12: Hénon,PT-univ,0.7311957887287258
S12: Hénon,PT-univ,0.7312003250485695
S12: Hénon,PT-univ,0.7307053769593994
S12: Hénon,PT-univ,0.7308110433919887
S12: Hénon,PT-univ,0.7308223080397436
S12: Hénon,PT-univ,0.7322004497323233
S12: Hénon,PT-univ,0.7300856583844593
S12: Hénon,PT-univ,0.7313426885555887
S12: Hénon,PT-univ,0.73091308915142
S12: Hénon,PT-univ,0.7314889226480661
S12: Hénon,PT-univ-quad,0.012923432372020508
S12: Hénon,PT-univ-quad,0.012557469311197871
S12: Hénon,PT-univ-quad,0.010953845030169915
S12: Hénon,PT-univ-quad,0.01185818191500719
S12: Hénon,PT-univ-quad,0.011784028461490677
S12: Hénon,PT-univ-quad,0.013067758536357268
S12: Hénon,PT-univ-quad,0.012298058742637634
S12: Hénon,PT-univ-quad,0.011451664184753355
S12: Hénon,PT-univ-quad,0.01512764314526336
S12: Hénon,PT-univ-quad,0.01188000615928323
S12: Hénon,PT-univ-quad,0.009762129220663817
S12: Hénon,PT-univ-quad,0.011578210353138772
S12: Hénon,PT-univ-quad,0.011501677666531816
S12: Hénon,PT-univ-quad,0.012181143337601756
S12: Hénon,PT-univ-quad,0.010451667039174667
S12: Hénon,PT-univ-quad,0.012758715038227213
S12: Hénon,PT-univ-quad,0.011068072831793535
S12: Hénon,PT-univ-quad,0.01185186457836033
S12: Hénon,PT-univ-quad,0.0124919839768459
S12: Hénon,PT-univ-quad,0.012456794099083028
S12: Hénon,OLS-AR(1),0.7553742606933304
S12: Hénon,OLS-AR(1),0.755804707670254
S12: Hénon,OLS-AR(1),0.754954095059493
S12: Hénon,OLS-AR(1),0.7549749820681706
S12: Hénon,OLS-AR(1),0.7557938258889824
S12: Hénon,OLS-AR(1),0.7553595556005606
S12: Hénon,OLS-AR(1),0.7546360507096602
S12: Hénon,OLS-AR(1),0.7563687720092666
S12: Hénon,OLS-AR(1),0.755960786344628
S12: Hénon,OLS-AR(1),0.7551706273223432
S12: Hénon,OLS-AR(1),0.7557976191163989
S12: Hénon,OLS-AR(1),0.7560364719173407
S12: Hénon,OLS-AR(1),0.7550286517030358
S12: Hénon,OLS-AR(1),0.7553562811272558
S12: Hénon,OLS-AR(1),0.7555749277448035
S12: Hénon,OLS-AR(1),0.7567093111396269
S12: Hénon,OLS-AR(1),0.7547319770974487
S12: Hénon,OLS-AR(1),0.7556266654295838
S12: Hénon,OLS-AR(1),0.7555560743285443
S12: Hénon,OLS-AR(1),0.7560210327219943
S12: Hénon,OLS-AR(2),0.731041245836943
S12: Hénon,OLS-AR(2),0.7312385231231708
S12: Hénon,OLS-AR(2),0.7305569712714108
S12: Hénon,OLS-AR(2),0.7304534360303946
S12: Hénon,OLS-AR(2),0.7312337577137793
S12: Hénon,OLS-AR(2),0.7308771533613988
S12: Hénon,OLS-AR(2),0.7298470648295019
S12: Hénon,OLS-AR(2),0.7316754709186893
S12: Hénon,OLS-AR(2),0.7314023134430103
S12: Hénon,OLS-AR(2),0.7308901378623689
S12: Hénon,OLS-AR(2),0.7311957887287258
S12: Hénon,OLS-AR(2),0.7312003250485695
S12: Hénon,OLS-AR(2),0.7307053769593994
S12: Hénon,OLS-AR(2),0.7308110433919887
S12: Hénon,OLS-AR(2),0.7308223080397436
S12: Hénon,OLS-AR(2),0.7322004497323233
S12: Hénon,OLS-AR(2),0.7300856583844593
S12: Hénon,OLS-AR(2),0.7313426885555887
S12: Hénon,OLS-AR(2),0.73091308915142
S12: Hénon,OLS-AR(2),0.7314889226480661
S12: Hénon,YW-AR(2),0.7417709581117546
S12: Hénon,YW-AR(2),0.7421052641987218
S12: Hénon,YW-AR(2),0.7414321745648778
S12: Hénon,YW-AR(2),0.7413178593740228
S12: Hénon,YW-AR(2),0.7422235704180631
S12: Hénon,YW-AR(2),0.7416829769589973
S12: Hénon,YW-AR(2),0.7406257285212863
S12: Hénon,YW-AR(2),0.7426587266895118
S12: Hénon,YW-AR(2),0.7423833149972404
S12: Hénon,YW-AR(2),0.7417035011773438
S12: Hénon,YW-AR(2),0.7420549665110555
S12: Hénon,YW-AR(2),0.7423718359944399
S12: Hénon,YW-AR(2),0.7415145675703562
S12: Hénon,YW-AR(2),0.7417816092036308
S12: Hénon,YW-AR(2),0.741748710101876
S12: Hénon,YW-AR(2),0.7429457272271967
S12: Hénon,YW-AR(2),0.7410247636505497
S12: Hénon,YW-AR(2),0.7420147030528167
S12: Hénon,YW-AR(2),0.7419762421819122
S12: Hénon,YW-AR(2),0.7423447690751542
S12: Hénon,Naive,1.18059718496567
S12: Hénon,Naive,1.181041916531895
S12: Hénon,Naive,1.1799940854894524
S12: Hénon,Naive,1.1798284535353785
S12: Hénon,Naive,1.1802763317971645
S12: Hénon,Naive,1.1812224128058029
S12: Hénon,Naive,1.1806772114536075
S12: Hénon,Naive,1.1815689317103968
S12: Hénon,Naive,1.1802156381847768
S12: Hénon,Naive,1.1798909351705182
S12: Hénon,Naive,1.1823201686634803
S12: Hénon,Naive,1.181763787813463
S12: Hénon,Naive,1.1807299951447041
S12: Hénon,Naive,1.1807845782578519
S12: Hénon,Naive,1.181563261464556
S12: Hénon,Naive,1.1836641268926777
S12: Hénon,Naive,1.179975620015541
S12: Hénon,Naive,1.1819181230942344
S12: Hénon,Naive,1.180556164648705
S12: Hénon,Naive,1.1817689881634132
